{"hanbat-119442379-0":{"path":[[36.368617,127.389964],[36.368859,127.390187],[36.368917,127.390328],[36.369095,127.390628],[36.369247,127.390853],[36.369517,127.391167],[36.369636,127.391264],[36.369936,127.391614],[36.36995,127.391642],[36.369895,127.391745],[36.369747,127.391911],[36.369528,127.392078],[36.369422,127.392253],[36.369384,127.39232],[36.369245,127.392572],[36.36927,127.39272],[36.369361,127.392917],[36.36947,127.392931]],"distance":372,"time":312},"hanbat-65628964-0":{"path":[[36.368764,127.386442],[36.368759,127.386467],[36.368664,127.386459],[36.368609,127.386426],[36.368534,127.386287],[36.368489,127.386229],[36.368442,127.386204],[36.368397,127.386201],[36.368311,127.386195],[36.36805,127.386201],[36.367997,127.386187],[36.367947,127.386151],[36.367911,127.386115],[36.367886,127.38602],[36.3679,127.385842],[36.367895,127.385712],[36.367872,127.385637],[36.367681,127.385443],[36.367636,127.385368],[36.367609,127.385268],[36.367609,127.38519],[36.367628,127.385087],[36.3677,127.384904],[36.367634,127.384684],[36.367622,127.38454],[36.367622,127.384418],[36.367675,127.384176],[36.367681,127.384043],[36.367656,127.383868],[36.367622,127.38364],[36.367645,127.38352],[36.36765,127.383501]],"distance":358,"time":301},"hanbat-130989335-0":{"path":[[36.368395,127.38619],[36.36837,127.386048],[36.368334,127.38594],[36.368306,127.385879],[36.368239,127.385779],[36.368206,127.385717],[36.368181,127.385631],[36.368178,127.385495],[36.368192,127.385384],[36.36825,127.385179],[36.368292,127.385004],[36.368209,127.384965],[36.368167,127.384923],[36.368125,127.384834],[36.368086,127.384637],[36.368056,127.38454],[36.367995,127.384415],[36.367967,127.384323],[36.367956,127.384251],[36.367967,127.384182],[36.367981,127.384123],[36.368003,127.38407],[36.368086,127.38399],[36.368253,127.383851],[36.368383,127.383693],[36.368439,127.383601],[36.368481,127.383498]],"distance":284,"time":239},"hanbat-125253472-0":{"path":[[36.367817,127.390262],[36.367806,127.390331],[36.367803,127.390431],[36.367817,127.390714],[36.367781,127.390875],[36.367717,127.390998],[36.367661,127.391073],[36.367725,127.391198],[36.367784,127.391267],[36.367834,127.391298],[36.367906,127.391317],[36.368181,127.391334],[36.368217,127.39167],[36.368342,127.391947],[36.3684,127.392092],[36.368434,127.392136],[36.368481,127.392178],[36.368556,127.392211],[36.368759,127.392275],[36.368911,127.392328],[36.368922,127.392331],[36.369147,127.39245],[36.369245,127.392572],[36.369384,127.39232],[36.369422,127.392253],[36.369528,127.392078],[36.369645,127.391989]],"distance":390,"time":327},"hanbat-128270536-0":{"path":[[36.368203,127.388414],[36.368864,127.388417],[36.368853,127.389953],[36.368859,127.390187],[36.368617,127.389964],[36.368534,127.389781],[36.3685,127.389706],[36.368397,127.389403],[36.368334,127.389117],[36.368286,127.388992],[36.368211,127.388862],[36.368195,127.388853]],"distance":373,"time":314},"hanbat-130989344-0":{"path":[[36.369003,127.386179],[36.368945,127.38619],[36.368858,127.38622],[36.368797,127.386309],[36.368775,127.386398],[36.368759,127.386467],[36.368664,127.386459],[36.368609,127.386426],[36.368534,127.386287],[36.368489,127.386229],[36.368442,127.386204],[36.368397,127.386201],[36.36837,127.386048],[36.368334,127.38594],[36.368306,127.385879],[36.368239,127.385779],[36.368206,127.385717],[36.368181,127.385631],[36.368178,127.385495],[36.368192,127.385384],[36.36825,127.385179],[36.368292,127.385004],[36.368297,127.384998]],"distance":206,"time":173},"hanbat-119442414-0":{"path":[[36.367936,127.389995],[36.367939,127.389987],[36.367984,127.389717],[36.368009,127.389448],[36.368397,127.389403],[36.3685,127.389706],[36.368534,127.389781],[36.368617,127.389964],[36.368859,127.390187],[36.368917,127.390328],[36.369095,127.390628],[36.369247,127.390853],[36.369464,127.391106]],"distance":287,"time":241},"hanbat-122209626-0":{"path":[[36.369467,127.386067],[36.369339,127.386065],[36.369125,127.386156],[36.368945,127.38619],[36.368858,127.38622],[36.368797,127.386309],[36.368775,127.386398],[36.368759,127.386467],[36.36877,127.38669],[36.368875,127.386837],[36.368872,127.386942],[36.368872,127.387623],[36.368822,127.387623]],"distance":207,"time":173},"hanbat-66053388-0":{"path":[[36.369281,127.384743],[36.369264,127.38472],[36.369272,127.384526],[36.369147,127.384406],[36.369117,127.384373],[36.369108,127.384301],[36.369128,127.384209],[36.369164,127.384148],[36.369231,127.384095],[36.369275,127.384084],[36.369453,127.384112],[36.3695,127.383959],[36.369531,127.383926],[36.369661,127.383895],[36.369731,127.38387],[36.369619,127.383701],[36.369575,127.38359],[36.369564,127.383545],[36.369636,127.383307],[36.369286,127.383318],[36.369208,127.383293],[36.369108,127.38324],[36.369028,127.383204],[36.368911,127.383182],[36.368828,127.38319],[36.368708,127.383226],[36.368583,127.38334],[36.368495,127.383465],[36.368439,127.383601],[36.368383,127.383693],[36.368253,127.383851],[36.368086,127.38399],[36.368003,127.38407],[36.367981,127.384123],[36.367967,127.384182],[36.367956,127.384251],[36.367967,127.384323],[36.367995,127.384415],[36.368056,127.38454],[36.368086,127.384637],[36.368125,127.384834],[36.368167,127.384923],[36.368209,127.384965],[36.368292,127.385004],[36.368375,127.384926],[36.368417,127.384901],[36.368481,127.384881],[36.368553,127.38489],[36.368717,127.38492]],"distance":558,"time":468},"hanbat-119442407-0":{"path":[[36.367673,127.391098],[36.367661,127.391073],[36.367717,127.390998],[36.367781,127.390875],[36.367817,127.390714],[36.367803,127.390431],[36.367806,127.390331],[36.367825,127.390223],[36.367884,127.3901],[36.36792,127.390075],[36.367939,127.389987],[36.367984,127.389717],[36.368009,127.389448],[36.368042,127.389445]],"distance":160,"time":135},"hanbat-125253444-0":{"path":[[36.368184,127.391367],[36.368217,127.39167],[36.368342,127.391947],[36.3684,127.392092],[36.368434,127.392136],[36.368481,127.392178],[36.368556,127.392211],[36.368759,127.392275],[36.368911,127.392328],[36.368922,127.392331],[36.368939,127.392339]],"distance":134,"time":112},"hanbat-61154771-0":{"path":[[36.363712,127.388865],[36.363734,127.388903],[36.363887,127.389051],[36.363962,127.389081],[36.36399,127.389109],[36.36402,127.389162],[36.364031,127.389273],[36.364015,127.389414],[36.363992,127.389448],[36.363937,127.389534],[36.363906,127.389589],[36.363834,127.389756],[36.363792,127.389789],[36.363673,127.389798],[36.363517,127.389801]],"distance":139,"time":116},"hanbat-119442431-0":{"path":[[36.368864,127.38847],[36.368853,127.389953],[36.368859,127.39015]],"distance":149,"time":125},"hanbat-119442401-0":{"path":[[36.369264,127.392536],[36.369245,127.392572],[36.369147,127.39245],[36.368922,127.392331],[36.368911,127.392328],[36.368759,127.392275],[36.368556,127.392211],[36.368481,127.392178],[36.368434,127.392136],[36.3684,127.392092],[36.368342,127.391947],[36.368217,127.39167],[36.368214,127.391648]],"distance":153,"time":128},"hanbat-65628965-0":{"path":[[36.367228,127.386592],[36.367228,127.387506],[36.367284,127.387559],[36.367284,127.387623],[36.367359,127.387623],[36.368175,127.387615],[36.368872,127.387623],[36.368872,127.386942],[36.368875,127.386837],[36.36877,127.38669],[36.368759,127.386467],[36.368664,127.386459],[36.368609,127.386426],[36.368534,127.386287],[36.368489,127.386229],[36.368442,127.386204],[36.368397,127.386201],[36.368311,127.386195],[36.368109,127.386201]],"distance":459,"time":374},